[{"model": "royaltysystem.artist", "pk": 1, "fields": {"name": "The Great Plains", "contract_since": "2019-02-11"}}, {"model": "royaltysystem.artist", "pk": 2, "fields": {"name": "Andr\u00e9 \u00d8y", "contract_since": "2015-12-07"}}, {"model": "royaltysystem.artist", "pk": 3, "fields": {"name": "Astrosaur", "contract_since": "2016-12-01"}}, {"model": "royaltysystem.artist", "pk": 4, "fields": {"name": "Amped Out", "contract_since": "2019-02-18"}}, {"model": "royaltysystem.artist", "pk": 5, "fields": {"name": "DJ \u00d8yvind", "contract_since": "2017-01-01"}}, {"model": "royaltysystem.utgivelse", "pk": "BV004", "fields": {"navn": "Popup", "utgittdato": "2019-02-18", "artist": 2, "royalty_prosent": "50.00"}}, {"model": "royaltysystem.utgivelse", "pk": "BV005", "fields": {"navn": "Amarcord", "utgittdato": "2016-06-02", "artist": 2, "royalty_prosent": "50.00"}}, {"model": "royaltysystem.utgivelse", "pk": "BV009", "fields": {"navn": "Fade In // Space Out", "utgittdato": "2017-01-01", "artist": 3, "royalty_prosent": "50.00"}}, {"model": "royaltysystem.utgivelse", "pk": "BV153", "fields": {"navn": "Test", "utgittdato": "2019-02-28", "artist": 4, "royalty_prosent": "50.00"}}, {"model": "royaltysystem.utgivelse", "pk": "BV154", "fields": {"navn": "Ronny's Mannskap", "utgittdato": "2019-02-27", "artist": 4, "royalty_prosent": "50.00"}}, {"model": "royaltysystem.utgivelse", "pk": "BV466", "fields": {"navn": "Aff", "utgittdato": "2019-02-25", "artist": 4, "royalty_prosent": "50.00"}}, {"model": "royaltysystem.utgivelse", "pk": "BV467", "fields": {"navn": "Den Fysiske Sangen", "utgittdato": "2019-03-06", "artist": 4, "royalty_prosent": "50.00"}}, {"model": "royaltysystem.utgivelse", "pk": "BV777", "fields": {"navn": "Avregnig Detaljert Test", "utgittdato": "2019-02-24", "artist": 4, "royalty_prosent": "84.00"}}, {"model": "royaltysystem.utgivelse", "pk": "BV787", "fields": {"navn": "Syv \u00e5tte Syv", "utgittdato": "2019-02-27", "artist": 4, "royalty_prosent": "50.00"}}, {"model": "royaltysystem.utgivelse", "pk": "IB001", "fields": {"navn": "Awake, Alive, Aloud", "utgittdato": "2016-08-25", "artist": 1, "royalty_prosent": "80.00"}}, {"model": "royaltysystem.utgivelse", "pk": "IB002", "fields": {"navn": "Taco med ost", "utgittdato": "2017-01-01", "artist": 5, "royalty_prosent": "80.00"}}, {"model": "royaltysystem.periode", "pk": "P1 2016", "fields": {"periode_start": "2015-12-02", "periode_slutt": "2016-06-01"}}, {"model": "royaltysystem.periode", "pk": "P1 2017", "fields": {"periode_start": "2016-12-02", "periode_slutt": "2017-06-01"}}, {"model": "royaltysystem.periode", "pk": "P1 2018", "fields": {"periode_start": "2017-12-02", "periode_slutt": "2018-06-01"}}, {"model": "royaltysystem.periode", "pk": "P1 2019", "fields": {"periode_start": "2018-12-02", "periode_slutt": "2019-06-01"}}, {"model": "royaltysystem.periode", "pk": "P2 2016", "fields": {"periode_start": "2016-06-02", "periode_slutt": "2016-12-01"}}, {"model": "royaltysystem.periode", "pk": "P2 2017", "fields": {"periode_start": "2017-06-02", "periode_slutt": "2017-12-01"}}, {"model": "royaltysystem.periode", "pk": "P2 2018", "fields": {"periode_start": "2018-06-02", "periode_slutt": "2018-12-01"}}, {"model": "royaltysystem.utgivelseformat", "pk": 3, "fields": {"format": "Digital", "fysisk_format_type": "", "utgivelse": "BV005"}}, {"model": "royaltysystem.utgivelseformat", "pk": 4, "fields": {"format": "Fysisk", "fysisk_format_type": "diskett", "utgivelse": "BV005"}}, {"model": "royaltysystem.utgivelseformat", "pk": 6, "fields": {"format": "Digital", "fysisk_format_type": "", "utgivelse": "BV154"}}, {"model": "royaltysystem.utgivelseformat", "pk": 7, "fields": {"format": "Digital", "fysisk_format_type": "", "utgivelse": "BV153"}}, {"model": "royaltysystem.utgivelseformat", "pk": 8, "fields": {"format": "Digital", "fysisk_format_type": "", "utgivelse": "BV466"}}, {"model": "royaltysystem.utgivelseformat", "pk": 9, "fields": {"format": "Fysisk", "fysisk_format_type": "Lysr\u00f8r", "utgivelse": "BV467"}}, {"model": "royaltysystem.utgivelseformat", "pk": 10, "fields": {"format": "Digital", "fysisk_format_type": "", "utgivelse": "BV777"}}, {"model": "royaltysystem.utgivelseformat", "pk": 11, "fields": {"format": "Digital", "fysisk_format_type": "", "utgivelse": "BV787"}}, {"model": "royaltysystem.utgivelseformat", "pk": 12, "fields": {"format": "Fysisk", "fysisk_format_type": "CD", "utgivelse": "BV787"}}, {"model": "royaltysystem.utgivelseformat", "pk": 13, "fields": {"format": "Digital", "fysisk_format_type": "", "utgivelse": "IB001"}}, {"model": "royaltysystem.avregning_detaljert", "pk": 1, "fields": {"periode_new": "P2 2016", "kilde": "Bandcamp", "antall": null, "inntekter": null, "kostnader": null, "dl_utgivelse": null, "dl_spor": null, "streams": 13, "brutto": "0.00", "utgivelseFormat": 3}}, {"model": "royaltysystem.avregning_detaljert", "pk": 2, "fields": {"periode_new": "P2 2016", "kilde": "NRK P3 Ur\u00f8rt", "antall": null, "inntekter": null, "kostnader": null, "dl_utgivelse": null, "dl_spor": null, "streams": 178, "brutto": "0.00", "utgivelseFormat": 3}}, {"model": "royaltysystem.avregning_detaljert", "pk": 3, "fields": {"periode_new": "P2 2016", "kilde": "Soundcloud", "antall": null, "inntekter": null, "kostnader": null, "dl_utgivelse": null, "dl_spor": null, "streams": 940, "brutto": "0.00", "utgivelseFormat": 3}}, {"model": "royaltysystem.avregning_detaljert", "pk": 4, "fields": {"periode_new": "P1 2017", "kilde": "Direktesalg", "antall": 4, "inntekter": "536.36", "kostnader": "30.00", "dl_utgivelse": null, "dl_spor": null, "streams": null, "brutto": "506.36", "utgivelseFormat": 4}}, {"model": "royaltysystem.avregning_detaljert", "pk": 5, "fields": {"periode_new": "P1 2017", "kilde": "Internsalg", "antall": 2, "inntekter": "184.54", "kostnader": "27.00", "dl_utgivelse": null, "dl_spor": null, "streams": null, "brutto": "157.54", "utgivelseFormat": 4}}, {"model": "royaltysystem.avregning_detaljert", "pk": 6, "fields": {"periode_new": "P1 2017", "kilde": "Frikopier", "antall": 3, "inntekter": "0.00", "kostnader": "0.00", "dl_utgivelse": null, "dl_spor": null, "streams": null, "brutto": "0.00", "utgivelseFormat": 4}}, {"model": "royaltysystem.avregning_detaljert", "pk": 7, "fields": {"periode_new": "P1 2017", "kilde": "Nasjonalbiblioteket", "antall": 2, "inntekter": "144.46", "kostnader": "27.00", "dl_utgivelse": null, "dl_spor": null, "streams": null, "brutto": "117.46", "utgivelseFormat": 4}}, {"model": "royaltysystem.avregning_detaljert", "pk": 8, "fields": {"periode_new": "P1 2017", "kilde": "Hovedavregning Q4", "antall": null, "inntekter": null, "kostnader": null, "dl_utgivelse": 1, "dl_spor": null, "streams": 4367, "brutto": "225.02", "utgivelseFormat": 3}}, {"model": "royaltysystem.avregning_detaljert", "pk": 9, "fields": {"periode_new": "P1 2017", "kilde": "Hovedavregning Q1", "antall": null, "inntekter": null, "kostnader": null, "dl_utgivelse": 0, "dl_spor": null, "streams": 333, "brutto": "11.28", "utgivelseFormat": 3}}, {"model": "royaltysystem.avregning_detaljert", "pk": 10, "fields": {"periode_new": "P1 2017", "kilde": "Bandcamp", "antall": null, "inntekter": null, "kostnader": null, "dl_utgivelse": 0, "dl_spor": null, "streams": 12, "brutto": "0.00", "utgivelseFormat": 3}}, {"model": "royaltysystem.avregning_detaljert", "pk": 11, "fields": {"periode_new": "P1 2017", "kilde": "NRK P3 Ur\u00f8rt", "antall": null, "inntekter": null, "kostnader": null, "dl_utgivelse": null, "dl_spor": null, "streams": 23, "brutto": "0.00", "utgivelseFormat": 3}}, {"model": "royaltysystem.avregning_detaljert", "pk": 12, "fields": {"periode_new": "P1 2017", "kilde": "Soundcloud", "antall": null, "inntekter": null, "kostnader": null, "dl_utgivelse": null, "dl_spor": null, "streams": 206, "brutto": "0.00", "utgivelseFormat": 3}}, {"model": "royaltysystem.avregning_detaljert", "pk": 13, "fields": {"periode_new": "P2 2017", "kilde": "Hovedavregning Q2", "antall": null, "inntekter": null, "kostnader": null, "dl_utgivelse": 0, "dl_spor": null, "streams": 175, "brutto": "2.25", "utgivelseFormat": 3}}, {"model": "royaltysystem.avregning_detaljert", "pk": 14, "fields": {"periode_new": "P2 2017", "kilde": "Hovedavregning Q3", "antall": null, "inntekter": null, "kostnader": null, "dl_utgivelse": 0, "dl_spor": null, "streams": 1304, "brutto": "5.53", "utgivelseFormat": 3}}, {"model": "royaltysystem.avregning_detaljert", "pk": 15, "fields": {"periode_new": "P2 2017", "kilde": "Bandcamp", "antall": null, "inntekter": null, "kostnader": null, "dl_utgivelse": 0, "dl_spor": null, "streams": 6, "brutto": "0.00", "utgivelseFormat": 3}}, {"model": "royaltysystem.avregning_detaljert", "pk": 16, "fields": {"periode_new": "P2 2017", "kilde": "NRK P3 Ur\u00f8rt", "antall": null, "inntekter": null, "kostnader": null, "dl_utgivelse": null, "dl_spor": null, "streams": 20, "brutto": "0.00", "utgivelseFormat": 3}}, {"model": "royaltysystem.avregning_detaljert", "pk": 17, "fields": {"periode_new": "P2 2017", "kilde": "Soundcloud", "antall": null, "inntekter": null, "kostnader": null, "dl_utgivelse": null, "dl_spor": null, "streams": 22, "brutto": "0.00", "utgivelseFormat": 3}}, {"model": "royaltysystem.avregning_detaljert", "pk": 18, "fields": {"periode_new": "P1 2018", "kilde": "Direktesalg", "antall": 2, "inntekter": "299.00", "kostnader": "29.00", "dl_utgivelse": null, "dl_spor": null, "streams": null, "brutto": "270.00", "utgivelseFormat": 4}}, {"model": "royaltysystem.avregning_detaljert", "pk": 19, "fields": {"periode_new": "P1 2018", "kilde": "Hovedavregning Q4", "antall": null, "inntekter": null, "kostnader": null, "dl_utgivelse": 0, "dl_spor": null, "streams": 408, "brutto": "4.67", "utgivelseFormat": 3}}, {"model": "royaltysystem.avregning_detaljert", "pk": 20, "fields": {"periode_new": "P1 2018", "kilde": "Hovedavregning Q1", "antall": null, "inntekter": null, "kostnader": null, "dl_utgivelse": 0, "dl_spor": null, "streams": 71, "brutto": "2.32", "utgivelseFormat": 3}}, {"model": "royaltysystem.avregning_detaljert", "pk": 21, "fields": {"periode_new": "P1 2018", "kilde": "Bandcamp", "antall": null, "inntekter": null, "kostnader": null, "dl_utgivelse": 0, "dl_spor": null, "streams": 2, "brutto": "0.00", "utgivelseFormat": 3}}, {"model": "royaltysystem.avregning_detaljert", "pk": 22, "fields": {"periode_new": "P1 2018", "kilde": "NRK P3 Ur\u00f8rt", "antall": null, "inntekter": null, "kostnader": null, "dl_utgivelse": null, "dl_spor": null, "streams": 3, "brutto": "0.00", "utgivelseFormat": 3}}, {"model": "royaltysystem.avregning_detaljert", "pk": 23, "fields": {"periode_new": "P1 2018", "kilde": "Soundcloud", "antall": null, "inntekter": null, "kostnader": null, "dl_utgivelse": null, "dl_spor": null, "streams": 6, "brutto": "0.00", "utgivelseFormat": 3}}, {"model": "royaltysystem.avregning_detaljert", "pk": 24, "fields": {"periode_new": "P2 2018", "kilde": "Internsalg", "antall": 3, "inntekter": "246.51", "kostnader": "0.00", "dl_utgivelse": null, "dl_spor": null, "streams": null, "brutto": "246.51", "utgivelseFormat": 4}}, {"model": "royaltysystem.avregning_detaljert", "pk": 25, "fields": {"periode_new": "P2 2018", "kilde": "Hovedavregning Q2", "antall": null, "inntekter": null, "kostnader": null, "dl_utgivelse": 0, "dl_spor": null, "streams": 111, "brutto": "3.89", "utgivelseFormat": 3}}, {"model": "royaltysystem.avregning_detaljert", "pk": 26, "fields": {"periode_new": "P2 2018", "kilde": "Hovedavregning Q3", "antall": null, "inntekter": null, "kostnader": null, "dl_utgivelse": 0, "dl_spor": null, "streams": 51, "brutto": "1.43", "utgivelseFormat": 3}}, {"model": "royaltysystem.avregning_detaljert", "pk": 32, "fields": {"periode_new": "P2 2016", "kilde": "Soundcloud", "antall": null, "inntekter": null, "kostnader": null, "dl_utgivelse": 2, "dl_spor": 2, "streams": 1655, "brutto": "0.00", "utgivelseFormat": 8}}, {"model": "royaltysystem.avregning_detaljert", "pk": 33, "fields": {"periode_new": "P2 2016", "kilde": "Bandcamp", "antall": null, "inntekter": null, "kostnader": null, "dl_utgivelse": 0, "dl_spor": 0, "streams": 156, "brutto": "0.00", "utgivelseFormat": 8}}, {"model": "royaltysystem.avregning_detaljert", "pk": 34, "fields": {"periode_new": "P1 2019", "kilde": "Hovedavregning Q4", "antall": 15, "inntekter": "15000.00", "kostnader": "10000.00", "dl_utgivelse": null, "dl_spor": null, "streams": null, "brutto": "5000.00", "utgivelseFormat": 9}}, {"model": "royaltysystem.avregning_detaljert", "pk": 35, "fields": {"periode_new": "P2 2016", "kilde": "Soundcloud", "antall": null, "inntekter": null, "kostnader": null, "dl_utgivelse": 1, "dl_spor": 1, "streams": 444, "brutto": "0.00", "utgivelseFormat": 10}}, {"model": "royaltysystem.avregning_detaljert", "pk": 36, "fields": {"periode_new": "P2 2016", "kilde": "Bandcamp", "antall": null, "inntekter": null, "kostnader": null, "dl_utgivelse": 2, "dl_spor": 2, "streams": 125, "brutto": "0.00", "utgivelseFormat": 10}}, {"model": "royaltysystem.avregning_detaljert", "pk": 37, "fields": {"periode_new": "P1 2019", "kilde": "Internsalg", "antall": 12, "inntekter": "12322.00", "kostnader": "422.00", "dl_utgivelse": null, "dl_spor": null, "streams": null, "brutto": "600.00", "utgivelseFormat": 9}}, {"model": "royaltysystem.avregning", "pk": 1, "fields": {"periode": "P2 2016", "bruttoinntekt": "0.00", "kostnader": "0.00", "utbetalt": false, "utgivelse": "BV005"}}, {"model": "royaltysystem.avregning", "pk": 2, "fields": {"periode": "P1 2017", "bruttoinntekt": "1017.66", "kostnader": "1083.47", "utbetalt": false, "utgivelse": "BV005"}}, {"model": "royaltysystem.avregning", "pk": 3, "fields": {"periode": "P2 2017", "bruttoinntekt": "7.78", "kostnader": "0.00", "utbetalt": false, "utgivelse": "BV005"}}, {"model": "royaltysystem.avregning", "pk": 4, "fields": {"periode": "P1 2018", "bruttoinntekt": "276.99", "kostnader": "0.00", "utbetalt": true, "utgivelse": "BV005"}}, {"model": "royaltysystem.avregning", "pk": 5, "fields": {"periode": "P2 2018", "bruttoinntekt": "251.83", "kostnader": "0.00", "utbetalt": false, "utgivelse": "BV005"}}, {"model": "royaltysystem.avregning", "pk": 6, "fields": {"periode": "P1 2017", "bruttoinntekt": "4788.51", "kostnader": "17158.64", "utbetalt": false, "utgivelse": "BV009"}}, {"model": "royaltysystem.avregning", "pk": 7, "fields": {"periode": "P2 2017", "bruttoinntekt": "14029.29", "kostnader": "36955.49", "utbetalt": false, "utgivelse": "BV009"}}, {"model": "royaltysystem.avregning", "pk": 8, "fields": {"periode": "P1 2018", "bruttoinntekt": "10104.89", "kostnader": "0.00", "utbetalt": false, "utgivelse": "BV009"}}, {"model": "royaltysystem.avregning", "pk": 9, "fields": {"periode": "P2 2018", "bruttoinntekt": "669.86", "kostnader": "0.00", "utbetalt": false, "utgivelse": "BV009"}}, {"model": "royaltysystem.avregning", "pk": 10, "fields": {"periode": "P2 2016", "bruttoinntekt": "10.67", "kostnader": "0.00", "utbetalt": false, "utgivelse": "IB001"}}, {"model": "royaltysystem.avregning", "pk": 11, "fields": {"periode": "P1 2017", "bruttoinntekt": "21.76", "kostnader": "0.00", "utbetalt": false, "utgivelse": "IB001"}}, {"model": "royaltysystem.avregning", "pk": 12, "fields": {"periode": "P2 2017", "bruttoinntekt": "16.07", "kostnader": "0.00", "utbetalt": false, "utgivelse": "IB001"}}, {"model": "royaltysystem.avregning", "pk": 13, "fields": {"periode": "P1 2018", "bruttoinntekt": "4.30", "kostnader": "0.00", "utbetalt": false, "utgivelse": "IB001"}}, {"model": "royaltysystem.avregning", "pk": 14, "fields": {"periode": "P2 2018", "bruttoinntekt": "5.45", "kostnader": "0.00", "utbetalt": false, "utgivelse": "IB001"}}, {"model": "royaltysystem.avregning", "pk": 15, "fields": {"periode": "P1 2017", "bruttoinntekt": "69.81", "kostnader": "0.00", "utbetalt": false, "utgivelse": "IB002"}}, {"model": "royaltysystem.avregning", "pk": 16, "fields": {"periode": "P2 2017", "bruttoinntekt": "134.70", "kostnader": "0.00", "utbetalt": true, "utgivelse": "IB002"}}, {"model": "royaltysystem.avregning", "pk": 17, "fields": {"periode": "P1 2018", "bruttoinntekt": "95.79", "kostnader": "0.00", "utbetalt": true, "utgivelse": "IB002"}}, {"model": "royaltysystem.avregning", "pk": 18, "fields": {"periode": "P2 2018", "bruttoinntekt": "64.35", "kostnader": "0.00", "utbetalt": false, "utgivelse": "IB002"}}, {"model": "royaltysystem.avregning", "pk": 19, "fields": {"periode": "P1 2016", "bruttoinntekt": "0.00", "kostnader": "0.00", "utbetalt": false, "utgivelse": "BV004"}}, {"model": "royaltysystem.avregning", "pk": 20, "fields": {"periode": "P2 2016", "bruttoinntekt": "200.43", "kostnader": "0.00", "utbetalt": true, "utgivelse": "BV004"}}, {"model": "royaltysystem.avregning", "pk": 21, "fields": {"periode": "P1 2017", "bruttoinntekt": "86.88", "kostnader": "0.00", "utbetalt": false, "utgivelse": "BV004"}}, {"model": "royaltysystem.avregning", "pk": 22, "fields": {"periode": "P2 2017", "bruttoinntekt": "27.48", "kostnader": "0.00", "utbetalt": false, "utgivelse": "BV004"}}, {"model": "royaltysystem.avregning", "pk": 23, "fields": {"periode": "P1 2018", "bruttoinntekt": "4.09", "kostnader": "0.00", "utbetalt": true, "utgivelse": "BV004"}}, {"model": "royaltysystem.avregning", "pk": 24, "fields": {"periode": "P2 2018", "bruttoinntekt": "1.06", "kostnader": "0.00", "utbetalt": false, "utgivelse": "BV004"}}, {"model": "contenttypes.contenttype", "pk": 1, "fields": {"app_label": "admin", "model": "logentry"}}, {"model": "contenttypes.contenttype", "pk": 2, "fields": {"app_label": "auth", "model": "permission"}}, {"model": "contenttypes.contenttype", "pk": 3, "fields": {"app_label": "auth", "model": "group"}}, {"model": "contenttypes.contenttype", "pk": 4, "fields": {"app_label": "auth", "model": "user"}}, {"model": "contenttypes.contenttype", "pk": 5, "fields": {"app_label": "contenttypes", "model": "contenttype"}}, {"model": "contenttypes.contenttype", "pk": 6, "fields": {"app_label": "sessions", "model": "session"}}, {"model": "contenttypes.contenttype", "pk": 7, "fields": {"app_label": "royaltysystem", "model": "artist"}}, {"model": "contenttypes.contenttype", "pk": 8, "fields": {"app_label": "royaltysystem", "model": "avregning"}}, {"model": "contenttypes.contenttype", "pk": 9, "fields": {"app_label": "royaltysystem", "model": "avregning_detaljert"}}, {"model": "contenttypes.contenttype", "pk": 10, "fields": {"app_label": "royaltysystem", "model": "utgivelse"}}, {"model": "contenttypes.contenttype", "pk": 11, "fields": {"app_label": "royaltysystem", "model": "utgivelseformat"}}, {"model": "contenttypes.contenttype", "pk": 12, "fields": {"app_label": "royaltysystem", "model": "periode"}}, {"model": "sessions.session", "pk": "e7yg7u0gftpwa7pfdwzrjzwlwdpp2buk", "fields": {"session_data": "YmQxYzE3ZmFkM2VjYjg1NzU4M2ExYTc2MzhhNjk3NTQwZGQzNDg2Nzp7Il9hdXRoX3VzZXJfaWQiOiIxIiwiX2F1dGhfdXNlcl9iYWNrZW5kIjoiZGphbmdvLmNvbnRyaWIuYXV0aC5iYWNrZW5kcy5Nb2RlbEJhY2tlbmQiLCJfYXV0aF91c2VyX2hhc2giOiI5YmJmMTVjYWRhOGUyOTI1NWY0NzQwZDRmZmFjNDdlNmIwOThiMzJlIn0=", "expire_date": "2019-02-25T10:09:37.075Z"}}, {"model": "sessions.session", "pk": "unj11mm1rx1wkoslw7cuhlhlzkztiusp", "fields": {"session_data": "YmQxYzE3ZmFkM2VjYjg1NzU4M2ExYTc2MzhhNjk3NTQwZGQzNDg2Nzp7Il9hdXRoX3VzZXJfaWQiOiIxIiwiX2F1dGhfdXNlcl9iYWNrZW5kIjoiZGphbmdvLmNvbnRyaWIuYXV0aC5iYWNrZW5kcy5Nb2RlbEJhY2tlbmQiLCJfYXV0aF91c2VyX2hhc2giOiI5YmJmMTVjYWRhOGUyOTI1NWY0NzQwZDRmZmFjNDdlNmIwOThiMzJlIn0=", "expire_date": "2019-03-22T12:28:48.548Z"}}, {"model": "sessions.session", "pk": "ztsc7i6wh42899l4o25isaace2xy2wwt", "fields": {"session_data": "YmQxYzE3ZmFkM2VjYjg1NzU4M2ExYTc2MzhhNjk3NTQwZGQzNDg2Nzp7Il9hdXRoX3VzZXJfaWQiOiIxIiwiX2F1dGhfdXNlcl9iYWNrZW5kIjoiZGphbmdvLmNvbnRyaWIuYXV0aC5iYWNrZW5kcy5Nb2RlbEJhY2tlbmQiLCJfYXV0aF91c2VyX2hhc2giOiI5YmJmMTVjYWRhOGUyOTI1NWY0NzQwZDRmZmFjNDdlNmIwOThiMzJlIn0=", "expire_date": "2019-04-05T13:32:58.217Z"}}, {"model": "auth.permission", "pk": 1, "fields": {"name": "Can add log entry", "content_type": 1, "codename": "add_logentry"}}, {"model": "auth.permission", "pk": 2, "fields": {"name": "Can change log entry", "content_type": 1, "codename": "change_logentry"}}, {"model": "auth.permission", "pk": 3, "fields": {"name": "Can delete log entry", "content_type": 1, "codename": "delete_logentry"}}, {"model": "auth.permission", "pk": 4, "fields": {"name": "Can add permission", "content_type": 2, "codename": "add_permission"}}, {"model": "auth.permission", "pk": 5, "fields": {"name": "Can change permission", "content_type": 2, "codename": "change_permission"}}, {"model": "auth.permission", "pk": 6, "fields": {"name": "Can delete permission", "content_type": 2, "codename": "delete_permission"}}, {"model": "auth.permission", "pk": 7, "fields": {"name": "Can add group", "content_type": 3, "codename": "add_group"}}, {"model": "auth.permission", "pk": 8, "fields": {"name": "Can change group", "content_type": 3, "codename": "change_group"}}, {"model": "auth.permission", "pk": 9, "fields": {"name": "Can delete group", "content_type": 3, "codename": "delete_group"}}, {"model": "auth.permission", "pk": 10, "fields": {"name": "Can add user", "content_type": 4, "codename": "add_user"}}, {"model": "auth.permission", "pk": 11, "fields": {"name": "Can change user", "content_type": 4, "codename": "change_user"}}, {"model": "auth.permission", "pk": 12, "fields": {"name": "Can delete user", "content_type": 4, "codename": "delete_user"}}, {"model": "auth.permission", "pk": 13, "fields": {"name": "Can add content type", "content_type": 5, "codename": "add_contenttype"}}, {"model": "auth.permission", "pk": 14, "fields": {"name": "Can change content type", "content_type": 5, "codename": "change_contenttype"}}, {"model": "auth.permission", "pk": 15, "fields": {"name": "Can delete content type", "content_type": 5, "codename": "delete_contenttype"}}, {"model": "auth.permission", "pk": 16, "fields": {"name": "Can add session", "content_type": 6, "codename": "add_session"}}, {"model": "auth.permission", "pk": 17, "fields": {"name": "Can change session", "content_type": 6, "codename": "change_session"}}, {"model": "auth.permission", "pk": 18, "fields": {"name": "Can delete session", "content_type": 6, "codename": "delete_session"}}, {"model": "auth.permission", "pk": 19, "fields": {"name": "Can add artist", "content_type": 7, "codename": "add_artist"}}, {"model": "auth.permission", "pk": 20, "fields": {"name": "Can change artist", "content_type": 7, "codename": "change_artist"}}, {"model": "auth.permission", "pk": 21, "fields": {"name": "Can delete artist", "content_type": 7, "codename": "delete_artist"}}, {"model": "auth.permission", "pk": 22, "fields": {"name": "Can add avregning", "content_type": 8, "codename": "add_avregning"}}, {"model": "auth.permission", "pk": 23, "fields": {"name": "Can change avregning", "content_type": 8, "codename": "change_avregning"}}, {"model": "auth.permission", "pk": 24, "fields": {"name": "Can delete avregning", "content_type": 8, "codename": "delete_avregning"}}, {"model": "auth.permission", "pk": 25, "fields": {"name": "Can add avregning_ detaljert", "content_type": 9, "codename": "add_avregning_detaljert"}}, {"model": "auth.permission", "pk": 26, "fields": {"name": "Can change avregning_ detaljert", "content_type": 9, "codename": "change_avregning_detaljert"}}, {"model": "auth.permission", "pk": 27, "fields": {"name": "Can delete avregning_ detaljert", "content_type": 9, "codename": "delete_avregning_detaljert"}}, {"model": "auth.permission", "pk": 28, "fields": {"name": "Can add utgivelse", "content_type": 10, "codename": "add_utgivelse"}}, {"model": "auth.permission", "pk": 29, "fields": {"name": "Can change utgivelse", "content_type": 10, "codename": "change_utgivelse"}}, {"model": "auth.permission", "pk": 30, "fields": {"name": "Can delete utgivelse", "content_type": 10, "codename": "delete_utgivelse"}}, {"model": "auth.permission", "pk": 31, "fields": {"name": "Can add utgivelse format", "content_type": 11, "codename": "add_utgivelseformat"}}, {"model": "auth.permission", "pk": 32, "fields": {"name": "Can change utgivelse format", "content_type": 11, "codename": "change_utgivelseformat"}}, {"model": "auth.permission", "pk": 33, "fields": {"name": "Can delete utgivelse format", "content_type": 11, "codename": "delete_utgivelseformat"}}, {"model": "auth.permission", "pk": 34, "fields": {"name": "Can add periode", "content_type": 12, "codename": "add_periode"}}, {"model": "auth.permission", "pk": 35, "fields": {"name": "Can change periode", "content_type": 12, "codename": "change_periode"}}, {"model": "auth.permission", "pk": 36, "fields": {"name": "Can delete periode", "content_type": 12, "codename": "delete_periode"}}, {"model": "auth.user", "pk": 1, "fields": {"password": "pbkdf2_sha256$100000$PCqmx6sujCeY$QXwfhqCDtBKNt0+7bXNRCO15n0UmxaxJT7d6prPOQRo=", "last_login": "2019-03-22T13:32:58.210Z", "is_superuser": true, "username": "admin", "first_name": "", "last_name": "", "email": "admin@ronny.com", "is_staff": true, "is_active": true, "date_joined": "2019-02-11T10:09:06.926Z", "groups": [], "user_permissions": []}}, {"model": "admin.logentry", "pk": 1, "fields": {"action_time": "2019-02-11T10:51:10.871Z", "user": 1, "content_type": 7, "object_id": "2", "object_repr": "Andr\u00e9 \u00d8y", "action_flag": 1, "change_message": "[{\"added\": {}}]"}}, {"model": "admin.logentry", "pk": 2, "fields": {"action_time": "2019-02-11T11:19:07.409Z", "user": 1, "content_type": 10, "object_id": "BV002", "object_repr": "Awake, Alive, AloudBV002", "action_flag": 1, "change_message": "[{\"added\": {}}]"}}, {"model": "admin.logentry", "pk": 3, "fields": {"action_time": "2019-02-11T11:19:45.479Z", "user": 1, "content_type": 10, "object_id": "BV003", "object_repr": "Over and OutBV003", "action_flag": 1, "change_message": "[{\"added\": {}}]"}}, {"model": "admin.logentry", "pk": 4, "fields": {"action_time": "2019-02-11T11:20:25.036Z", "user": 1, "content_type": 10, "object_id": "BV004", "object_repr": "CallingBV004", "action_flag": 1, "change_message": "[{\"added\": {}}]"}}, {"model": "admin.logentry", "pk": 5, "fields": {"action_time": "2019-02-11T14:29:40.522Z", "user": 1, "content_type": 11, "object_id": "1", "object_repr": "UtgivelseFormat object (1)", "action_flag": 1, "change_message": "[{\"added\": {}}]"}}, {"model": "admin.logentry", "pk": 6, "fields": {"action_time": "2019-02-11T14:37:33.583Z", "user": 1, "content_type": 11, "object_id": "2", "object_repr": "BV001 The Great Plains - Where the Wild Things Roam Fysisk[Vinyl]", "action_flag": 1, "change_message": "[{\"added\": {}}]"}}, {"model": "admin.logentry", "pk": 7, "fields": {"action_time": "2019-02-11T14:47:23.850Z", "user": 1, "content_type": 7, "object_id": "2", "object_repr": "Andr\u00e9 \u00d8y", "action_flag": 2, "change_message": "[]"}}, {"model": "admin.logentry", "pk": 8, "fields": {"action_time": "2019-02-11T14:48:47.912Z", "user": 1, "content_type": 10, "object_id": "BV004", "object_repr": "BV004 Andr\u00e9 \u00d8y - Calling", "action_flag": 3, "change_message": ""}}, {"model": "admin.logentry", "pk": 9, "fields": {"action_time": "2019-02-11T14:48:47.921Z", "user": 1, "content_type": 10, "object_id": "BV003", "object_repr": "BV003 Andr\u00e9 \u00d8y - Over and Out", "action_flag": 3, "change_message": ""}}, {"model": "admin.logentry", "pk": 10, "fields": {"action_time": "2019-02-11T14:50:39.543Z", "user": 1, "content_type": 10, "object_id": "BV005", "object_repr": "BV005 Andr\u00e9 \u00d8y - Amarcord", "action_flag": 1, "change_message": "[{\"added\": {}}]"}}, {"model": "admin.logentry", "pk": 11, "fields": {"action_time": "2019-02-11T14:51:21.038Z", "user": 1, "content_type": 11, "object_id": "3", "object_repr": "BV005 Andr\u00e9 \u00d8y - Amarcord Digital", "action_flag": 1, "change_message": "[{\"added\": {}}]"}}, {"model": "admin.logentry", "pk": 12, "fields": {"action_time": "2019-02-11T14:52:22.009Z", "user": 1, "content_type": 11, "object_id": "4", "object_repr": "BV005 Andr\u00e9 \u00d8y - Amarcord Fysisk [diskett]", "action_flag": 1, "change_message": "[{\"added\": {}}]"}}, {"model": "admin.logentry", "pk": 13, "fields": {"action_time": "2019-02-11T15:31:44.012Z", "user": 1, "content_type": 9, "object_id": "1", "object_repr": "Avregning_Detaljert object (1)", "action_flag": 1, "change_message": "[{\"added\": {}}]"}}, {"model": "admin.logentry", "pk": 14, "fields": {"action_time": "2019-02-11T15:34:30.923Z", "user": 1, "content_type": 9, "object_id": "2", "object_repr": "BV005 Andr\u00e9 \u00d8y - Amarcord Digital | P2 2016 | Kilde: NRK P3 Ur\u00f8rt", "action_flag": 1, "change_message": "[{\"added\": {}}]"}}, {"model": "admin.logentry", "pk": 15, "fields": {"action_time": "2019-02-11T15:35:15.287Z", "user": 1, "content_type": 9, "object_id": "3", "object_repr": "BV005 Andr\u00e9 \u00d8y - Amarcord Digital | P2 2016 | Kilde: Soundcloud", "action_flag": 1, "change_message": "[{\"added\": {}}]"}}, {"model": "admin.logentry", "pk": 16, "fields": {"action_time": "2019-02-11T15:35:21.997Z", "user": 1, "content_type": 9, "object_id": "2", "object_repr": "BV005 Andr\u00e9 \u00d8y - Amarcord Digital | P2 2016 | Kilde: NRK P3 Ur\u00f8rt", "action_flag": 2, "change_message": "[{\"changed\": {\"fields\": [\"streams\"]}}]"}}, {"model": "admin.logentry", "pk": 17, "fields": {"action_time": "2019-02-11T15:36:28.770Z", "user": 1, "content_type": 9, "object_id": "4", "object_repr": "BV005 Andr\u00e9 \u00d8y - Amarcord Fysisk [diskett] | P1 2017 | Kilde: Direktesalg", "action_flag": 1, "change_message": "[{\"added\": {}}]"}}, {"model": "admin.logentry", "pk": 18, "fields": {"action_time": "2019-02-11T15:36:50.463Z", "user": 1, "content_type": 9, "object_id": "5", "object_repr": "BV005 Andr\u00e9 \u00d8y - Amarcord Fysisk [diskett] | P1 2017 | Kilde: Internsalg", "action_flag": 1, "change_message": "[{\"added\": {}}]"}}, {"model": "admin.logentry", "pk": 19, "fields": {"action_time": "2019-02-11T15:37:14.949Z", "user": 1, "content_type": 9, "object_id": "6", "object_repr": "BV005 Andr\u00e9 \u00d8y - Amarcord Fysisk [diskett] | P1 2017 | Kilde: Frikopier", "action_flag": 1, "change_message": "[{\"added\": {}}]"}}, {"model": "admin.logentry", "pk": 20, "fields": {"action_time": "2019-02-11T15:37:34.954Z", "user": 1, "content_type": 9, "object_id": "7", "object_repr": "BV005 Andr\u00e9 \u00d8y - Amarcord Fysisk [diskett] | P1 2017 | Kilde: Nasjonalbiblioteket", "action_flag": 1, "change_message": "[{\"added\": {}}]"}}, {"model": "admin.logentry", "pk": 21, "fields": {"action_time": "2019-02-11T15:38:10.507Z", "user": 1, "content_type": 9, "object_id": "8", "object_repr": "BV005 Andr\u00e9 \u00d8y - Amarcord Digital | P1 2017 | Kilde: Hovedavregning Q4", "action_flag": 1, "change_message": "[{\"added\": {}}]"}}, {"model": "admin.logentry", "pk": 22, "fields": {"action_time": "2019-02-11T15:39:15.539Z", "user": 1, "content_type": 9, "object_id": "9", "object_repr": "BV005 Andr\u00e9 \u00d8y - Amarcord Digital | P1 2017 | Kilde: Hovedavregning Q1", "action_flag": 1, "change_message": "[{\"added\": {}}]"}}, {"model": "admin.logentry", "pk": 23, "fields": {"action_time": "2019-02-11T15:40:11.608Z", "user": 1, "content_type": 9, "object_id": "10", "object_repr": "BV005 Andr\u00e9 \u00d8y - Amarcord Digital | P1 2017 | Kilde: Bandcamp", "action_flag": 1, "change_message": "[{\"added\": {}}]"}}, {"model": "admin.logentry", "pk": 24, "fields": {"action_time": "2019-02-11T15:40:46.593Z", "user": 1, "content_type": 9, "object_id": "11", "object_repr": "BV005 Andr\u00e9 \u00d8y - Amarcord Digital | P1 2017 | Kilde: NRK P3 Ur\u00f8rt", "action_flag": 1, "change_message": "[{\"added\": {}}]"}}, {"model": "admin.logentry", "pk": 25, "fields": {"action_time": "2019-02-11T15:41:46.199Z", "user": 1, "content_type": 9, "object_id": "12", "object_repr": "BV005 Andr\u00e9 \u00d8y - Amarcord Digital | P1 2017 | Kilde: Soundcloud", "action_flag": 1, "change_message": "[{\"added\": {}}]"}}, {"model": "admin.logentry", "pk": 26, "fields": {"action_time": "2019-02-11T15:44:28.731Z", "user": 1, "content_type": 9, "object_id": "10", "object_repr": "BV005 Andr\u00e9 \u00d8y - Amarcord Digital | P1 2017 | Kilde: Bandcamp", "action_flag": 2, "change_message": "[{\"changed\": {\"fields\": [\"dl_utgivelse\"]}}]"}}, {"model": "admin.logentry", "pk": 27, "fields": {"action_time": "2019-02-11T15:44:35.204Z", "user": 1, "content_type": 9, "object_id": "9", "object_repr": "BV005 Andr\u00e9 \u00d8y - Amarcord Digital | P1 2017 | Kilde: Hovedavregning Q1", "action_flag": 2, "change_message": "[]"}}, {"model": "admin.logentry", "pk": 28, "fields": {"action_time": "2019-02-11T16:54:26.606Z", "user": 1, "content_type": 9, "object_id": "13", "object_repr": "BV005 Andr\u00e9 \u00d8y - Amarcord Digital | P2 2017 | Kilde: Hovedavregning Q2", "action_flag": 1, "change_message": "[{\"added\": {}}]"}}, {"model": "admin.logentry", "pk": 29, "fields": {"action_time": "2019-02-11T16:54:46.138Z", "user": 1, "content_type": 9, "object_id": "14", "object_repr": "BV005 Andr\u00e9 \u00d8y - Amarcord Digital | P2 2017 | Kilde: Hovedavregning Q3", "action_flag": 1, "change_message": "[{\"added\": {}}]"}}, {"model": "admin.logentry", "pk": 30, "fields": {"action_time": "2019-02-11T17:19:20.368Z", "user": 1, "content_type": 9, "object_id": "1", "object_repr": "BV005 Andr\u00e9 \u00d8y - Amarcord Digital | P2 2016 | Kilde: Bandcamp", "action_flag": 2, "change_message": "[]"}}, {"model": "admin.logentry", "pk": 31, "fields": {"action_time": "2019-02-11T17:19:51.517Z", "user": 1, "content_type": 9, "object_id": "4", "object_repr": "BV005 Andr\u00e9 \u00d8y - Amarcord Fysisk [diskett] | P1 2017 | Kilde: Direktesalg", "action_flag": 2, "change_message": "[{\"changed\": {\"fields\": [\"brutto\"]}}]"}}, {"model": "admin.logentry", "pk": 32, "fields": {"action_time": "2019-02-11T17:20:01.176Z", "user": 1, "content_type": 9, "object_id": "5", "object_repr": "BV005 Andr\u00e9 \u00d8y - Amarcord Fysisk [diskett] | P1 2017 | Kilde: Internsalg", "action_flag": 2, "change_message": "[{\"changed\": {\"fields\": [\"brutto\"]}}]"}}, {"model": "admin.logentry", "pk": 33, "fields": {"action_time": "2019-02-11T17:20:12.676Z", "user": 1, "content_type": 9, "object_id": "7", "object_repr": "BV005 Andr\u00e9 \u00d8y - Amarcord Fysisk [diskett] | P1 2017 | Kilde: Nasjonalbiblioteket", "action_flag": 2, "change_message": "[{\"changed\": {\"fields\": [\"brutto\"]}}]"}}, {"model": "admin.logentry", "pk": 34, "fields": {"action_time": "2019-02-11T17:20:30.669Z", "user": 1, "content_type": 9, "object_id": "8", "object_repr": "BV005 Andr\u00e9 \u00d8y - Amarcord Digital | P1 2017 | Kilde: Hovedavregning Q4", "action_flag": 2, "change_message": "[{\"changed\": {\"fields\": [\"brutto\"]}}]"}}, {"model": "admin.logentry", "pk": 35, "fields": {"action_time": "2019-02-11T17:20:39.636Z", "user": 1, "content_type": 9, "object_id": "9", "object_repr": "BV005 Andr\u00e9 \u00d8y - Amarcord Digital | P1 2017 | Kilde: Hovedavregning Q1", "action_flag": 2, "change_message": "[{\"changed\": {\"fields\": [\"brutto\"]}}]"}}, {"model": "admin.logentry", "pk": 36, "fields": {"action_time": "2019-02-11T17:21:08.599Z", "user": 1, "content_type": 9, "object_id": "13", "object_repr": "BV005 Andr\u00e9 \u00d8y - Amarcord Digital | P2 2017 | Kilde: Hovedavregning Q2", "action_flag": 2, "change_message": "[{\"changed\": {\"fields\": [\"brutto\"]}}]"}}, {"model": "admin.logentry", "pk": 37, "fields": {"action_time": "2019-02-11T17:21:16.440Z", "user": 1, "content_type": 9, "object_id": "14", "object_repr": "BV005 Andr\u00e9 \u00d8y - Amarcord Digital | P2 2017 | Kilde: Hovedavregning Q3", "action_flag": 2, "change_message": "[{\"changed\": {\"fields\": [\"brutto\"]}}]"}}, {"model": "admin.logentry", "pk": 38, "fields": {"action_time": "2019-02-11T17:21:41.611Z", "user": 1, "content_type": 9, "object_id": "15", "object_repr": "BV005 Andr\u00e9 \u00d8y - Amarcord Digital | P2 2017 | Kilde: Bandcamp", "action_flag": 1, "change_message": "[{\"added\": {}}]"}}, {"model": "admin.logentry", "pk": 39, "fields": {"action_time": "2019-02-11T17:21:57.338Z", "user": 1, "content_type": 9, "object_id": "16", "object_repr": "BV005 Andr\u00e9 \u00d8y - Amarcord Digital | P2 2017 | Kilde: NRK P3 Ur\u00f8rt", "action_flag": 1, "change_message": "[{\"added\": {}}]"}}, {"model": "admin.logentry", "pk": 40, "fields": {"action_time": "2019-02-11T17:22:11.536Z", "user": 1, "content_type": 9, "object_id": "17", "object_repr": "BV005 Andr\u00e9 \u00d8y - Amarcord Digital | P2 2017 | Kilde: Soundcloud", "action_flag": 1, "change_message": "[{\"added\": {}}]"}}, {"model": "admin.logentry", "pk": 41, "fields": {"action_time": "2019-02-11T17:28:24.135Z", "user": 1, "content_type": 9, "object_id": "18", "object_repr": "BV005 Andr\u00e9 \u00d8y - Amarcord Fysisk [diskett] | P1 2018 | Kilde: Direktesalg", "action_flag": 1, "change_message": "[{\"added\": {}}]"}}, {"model": "admin.logentry", "pk": 42, "fields": {"action_time": "2019-02-11T17:29:19.575Z", "user": 1, "content_type": 9, "object_id": "19", "object_repr": "BV005 Andr\u00e9 \u00d8y - Amarcord Digital | P1 2018 | Kilde: Hovedavregning Q4", "action_flag": 1, "change_message": "[{\"added\": {}}]"}}, {"model": "admin.logentry", "pk": 43, "fields": {"action_time": "2019-02-11T17:29:45.468Z", "user": 1, "content_type": 9, "object_id": "20", "object_repr": "BV005 Andr\u00e9 \u00d8y - Amarcord Digital | P1 2018 | Kilde: Hovedavregning Q1", "action_flag": 1, "change_message": "[{\"added\": {}}]"}}, {"model": "admin.logentry", "pk": 44, "fields": {"action_time": "2019-02-11T17:30:02.278Z", "user": 1, "content_type": 9, "object_id": "21", "object_repr": "BV005 Andr\u00e9 \u00d8y - Amarcord Digital | P1 2018 | Kilde: Bandcamp", "action_flag": 1, "change_message": "[{\"added\": {}}]"}}, {"model": "admin.logentry", "pk": 45, "fields": {"action_time": "2019-02-11T17:30:21.693Z", "user": 1, "content_type": 9, "object_id": "22", "object_repr": "BV005 Andr\u00e9 \u00d8y - Amarcord Digital | P1 2018 | Kilde: NRK P3 Ur\u00f8rt", "action_flag": 1, "change_message": "[{\"added\": {}}]"}}, {"model": "admin.logentry", "pk": 46, "fields": {"action_time": "2019-02-11T17:30:36.972Z", "user": 1, "content_type": 9, "object_id": "23", "object_repr": "BV005 Andr\u00e9 \u00d8y - Amarcord Digital | P1 2018 | Kilde: Soundcloud", "action_flag": 1, "change_message": "[{\"added\": {}}]"}}, {"model": "admin.logentry", "pk": 47, "fields": {"action_time": "2019-02-11T17:31:41.368Z", "user": 1, "content_type": 9, "object_id": "24", "object_repr": "BV005 Andr\u00e9 \u00d8y - Amarcord Fysisk [diskett] | P2 2018 | Kilde: Internsalg", "action_flag": 1, "change_message": "[{\"added\": {}}]"}}, {"model": "admin.logentry", "pk": 48, "fields": {"action_time": "2019-02-11T17:32:04.188Z", "user": 1, "content_type": 9, "object_id": "25", "object_repr": "BV005 Andr\u00e9 \u00d8y - Amarcord Digital | P2 2018 | Kilde: Hovedavregning Q2", "action_flag": 1, "change_message": "[{\"added\": {}}]"}}, {"model": "admin.logentry", "pk": 49, "fields": {"action_time": "2019-02-11T17:33:05.513Z", "user": 1, "content_type": 9, "object_id": "26", "object_repr": "BV005 Andr\u00e9 \u00d8y - Amarcord Digital | P2 2018 | Kilde: Hovedavregning Q3", "action_flag": 1, "change_message": "[{\"added\": {}}]"}}, {"model": "admin.logentry", "pk": 50, "fields": {"action_time": "2019-02-11T17:33:09.252Z", "user": 1, "content_type": 9, "object_id": "25", "object_repr": "BV005 Andr\u00e9 \u00d8y - Amarcord Digital | P2 2018 | Kilde: Hovedavregning Q2", "action_flag": 2, "change_message": "[]"}}, {"model": "admin.logentry", "pk": 51, "fields": {"action_time": "2019-02-17T19:33:41.304Z", "user": 1, "content_type": 12, "object_id": "P1 2016", "object_repr": "Periode object (P1 2016)", "action_flag": 1, "change_message": "[{\"added\": {}}]"}}, {"model": "admin.logentry", "pk": 52, "fields": {"action_time": "2019-02-17T19:34:59.327Z", "user": 1, "content_type": 12, "object_id": "P2 2016", "object_repr": "P2 2016", "action_flag": 1, "change_message": "[{\"added\": {}}]"}}, {"model": "admin.logentry", "pk": 53, "fields": {"action_time": "2019-02-17T19:35:30.281Z", "user": 1, "content_type": 12, "object_id": "P1 2017", "object_repr": "P1 2017", "action_flag": 1, "change_message": "[{\"added\": {}}]"}}, {"model": "admin.logentry", "pk": 54, "fields": {"action_time": "2019-02-17T19:36:06.111Z", "user": 1, "content_type": 12, "object_id": "P2 2017", "object_repr": "P2 2017", "action_flag": 1, "change_message": "[{\"added\": {}}]"}}, {"model": "admin.logentry", "pk": 55, "fields": {"action_time": "2019-02-17T19:36:24.590Z", "user": 1, "content_type": 12, "object_id": "P1 2018", "object_repr": "P1 2018", "action_flag": 1, "change_message": "[{\"added\": {}}]"}}, {"model": "admin.logentry", "pk": 56, "fields": {"action_time": "2019-02-17T19:36:51.035Z", "user": 1, "content_type": 12, "object_id": "P2 2018", "object_repr": "P2 2018", "action_flag": 1, "change_message": "[{\"added\": {}}]"}}, {"model": "admin.logentry", "pk": 57, "fields": {"action_time": "2019-02-17T19:37:12.189Z", "user": 1, "content_type": 12, "object_id": "P1 2019", "object_repr": "P1 2019", "action_flag": 1, "change_message": "[{\"added\": {}}]"}}, {"model": "admin.logentry", "pk": 58, "fields": {"action_time": "2019-02-17T19:37:44.605Z", "user": 1, "content_type": 9, "object_id": "1", "object_repr": "BV005 Andr\u00e9 \u00d8y - Amarcord Digital | P2 2016 | Kilde: Bandcamp", "action_flag": 2, "change_message": "[{\"changed\": {\"fields\": [\"periode_new\"]}}]"}}, {"model": "admin.logentry", "pk": 59, "fields": {"action_time": "2019-02-17T19:37:56.757Z", "user": 1, "content_type": 9, "object_id": "26", "object_repr": "BV005 Andr\u00e9 \u00d8y - Amarcord Digital | P2 2018 | Kilde: Hovedavregning Q3", "action_flag": 2, "change_message": "[{\"changed\": {\"fields\": [\"periode_new\"]}}]"}}, {"model": "admin.logentry", "pk": 60, "fields": {"action_time": "2019-02-17T19:38:00.649Z", "user": 1, "content_type": 9, "object_id": "25", "object_repr": "BV005 Andr\u00e9 \u00d8y - Amarcord Digital | P2 2018 | Kilde: Hovedavregning Q2", "action_flag": 2, "change_message": "[{\"changed\": {\"fields\": [\"periode_new\"]}}]"}}, {"model": "admin.logentry", "pk": 61, "fields": {"action_time": "2019-02-17T19:38:04.821Z", "user": 1, "content_type": 9, "object_id": "24", "object_repr": "BV005 Andr\u00e9 \u00d8y - Amarcord Fysisk [diskett] | P2 2018 | Kilde: Internsalg", "action_flag": 2, "change_message": "[{\"changed\": {\"fields\": [\"periode_new\"]}}]"}}, {"model": "admin.logentry", "pk": 62, "fields": {"action_time": "2019-02-17T19:38:11.426Z", "user": 1, "content_type": 9, "object_id": "23", "object_repr": "BV005 Andr\u00e9 \u00d8y - Amarcord Digital | P1 2018 | Kilde: Soundcloud", "action_flag": 2, "change_message": "[{\"changed\": {\"fields\": [\"periode_new\"]}}]"}}, {"model": "admin.logentry", "pk": 63, "fields": {"action_time": "2019-02-17T19:38:17.056Z", "user": 1, "content_type": 9, "object_id": "23", "object_repr": "BV005 Andr\u00e9 \u00d8y - Amarcord Digital | P1 2018 | Kilde: Soundcloud", "action_flag": 2, "change_message": "[]"}}, {"model": "admin.logentry", "pk": 64, "fields": {"action_time": "2019-02-17T19:38:22.485Z", "user": 1, "content_type": 9, "object_id": "21", "object_repr": "BV005 Andr\u00e9 \u00d8y - Amarcord Digital | P1 2018 | Kilde: Bandcamp", "action_flag": 2, "change_message": "[{\"changed\": {\"fields\": [\"periode_new\"]}}]"}}, {"model": "admin.logentry", "pk": 65, "fields": {"action_time": "2019-02-17T19:38:26.516Z", "user": 1, "content_type": 9, "object_id": "21", "object_repr": "BV005 Andr\u00e9 \u00d8y - Amarcord Digital | P1 2018 | Kilde: Bandcamp", "action_flag": 2, "change_message": "[]"}}, {"model": "admin.logentry", "pk": 66, "fields": {"action_time": "2019-02-17T19:38:30.405Z", "user": 1, "content_type": 9, "object_id": "20", "object_repr": "BV005 Andr\u00e9 \u00d8y - Amarcord Digital | P1 2018 | Kilde: Hovedavregning Q1", "action_flag": 2, "change_message": "[{\"changed\": {\"fields\": [\"periode_new\"]}}]"}}, {"model": "admin.logentry", "pk": 67, "fields": {"action_time": "2019-02-17T19:38:34.984Z", "user": 1, "content_type": 9, "object_id": "19", "object_repr": "BV005 Andr\u00e9 \u00d8y - Amarcord Digital | P1 2018 | Kilde: Hovedavregning Q4", "action_flag": 2, "change_message": "[{\"changed\": {\"fields\": [\"periode_new\"]}}]"}}, {"model": "admin.logentry", "pk": 68, "fields": {"action_time": "2019-02-17T19:38:40.793Z", "user": 1, "content_type": 9, "object_id": "18", "object_repr": "BV005 Andr\u00e9 \u00d8y - Amarcord Fysisk [diskett] | P1 2018 | Kilde: Direktesalg", "action_flag": 2, "change_message": "[{\"changed\": {\"fields\": [\"periode_new\"]}}]"}}, {"model": "admin.logentry", "pk": 69, "fields": {"action_time": "2019-02-17T19:38:45.513Z", "user": 1, "content_type": 9, "object_id": "17", "object_repr": "BV005 Andr\u00e9 \u00d8y - Amarcord Digital | P2 2017 | Kilde: Soundcloud", "action_flag": 2, "change_message": "[{\"changed\": {\"fields\": [\"periode_new\"]}}]"}}, {"model": "admin.logentry", "pk": 70, "fields": {"action_time": "2019-02-17T19:38:53.317Z", "user": 1, "content_type": 9, "object_id": "16", "object_repr": "BV005 Andr\u00e9 \u00d8y - Amarcord Digital | P2 2017 | Kilde: NRK P3 Ur\u00f8rt", "action_flag": 2, "change_message": "[{\"changed\": {\"fields\": [\"periode_new\"]}}]"}}, {"model": "admin.logentry", "pk": 71, "fields": {"action_time": "2019-02-17T19:38:58.631Z", "user": 1, "content_type": 9, "object_id": "15", "object_repr": "BV005 Andr\u00e9 \u00d8y - Amarcord Digital | P2 2017 | Kilde: Bandcamp", "action_flag": 2, "change_message": "[{\"changed\": {\"fields\": [\"periode_new\"]}}]"}}, {"model": "admin.logentry", "pk": 72, "fields": {"action_time": "2019-02-17T19:39:01.225Z", "user": 1, "content_type": 9, "object_id": "15", "object_repr": "BV005 Andr\u00e9 \u00d8y - Amarcord Digital | P2 2017 | Kilde: Bandcamp", "action_flag": 2, "change_message": "[]"}}, {"model": "admin.logentry", "pk": 73, "fields": {"action_time": "2019-02-17T19:39:04.913Z", "user": 1, "content_type": 9, "object_id": "14", "object_repr": "BV005 Andr\u00e9 \u00d8y - Amarcord Digital | P2 2017 | Kilde: Hovedavregning Q3", "action_flag": 2, "change_message": "[{\"changed\": {\"fields\": [\"periode_new\"]}}]"}}, {"model": "admin.logentry", "pk": 74, "fields": {"action_time": "2019-02-17T19:39:08.242Z", "user": 1, "content_type": 9, "object_id": "13", "object_repr": "BV005 Andr\u00e9 \u00d8y - Amarcord Digital | P2 2017 | Kilde: Hovedavregning Q2", "action_flag": 2, "change_message": "[{\"changed\": {\"fields\": [\"periode_new\"]}}]"}}, {"model": "admin.logentry", "pk": 75, "fields": {"action_time": "2019-02-17T19:39:12.239Z", "user": 1, "content_type": 9, "object_id": "12", "object_repr": "BV005 Andr\u00e9 \u00d8y - Amarcord Digital | P1 2017 | Kilde: Soundcloud", "action_flag": 2, "change_message": "[{\"changed\": {\"fields\": [\"periode_new\"]}}]"}}, {"model": "admin.logentry", "pk": 76, "fields": {"action_time": "2019-02-17T19:39:17.905Z", "user": 1, "content_type": 9, "object_id": "11", "object_repr": "BV005 Andr\u00e9 \u00d8y - Amarcord Digital | P1 2017 | Kilde: NRK P3 Ur\u00f8rt", "action_flag": 2, "change_message": "[{\"changed\": {\"fields\": [\"periode_new\"]}}]"}}, {"model": "admin.logentry", "pk": 77, "fields": {"action_time": "2019-02-17T19:39:29.057Z", "user": 1, "content_type": 9, "object_id": "9", "object_repr": "BV005 Andr\u00e9 \u00d8y - Amarcord Digital | P1 2017 | Kilde: Hovedavregning Q1", "action_flag": 2, "change_message": "[{\"changed\": {\"fields\": [\"periode_new\"]}}]"}}, {"model": "admin.logentry", "pk": 78, "fields": {"action_time": "2019-02-17T19:39:36.834Z", "user": 1, "content_type": 9, "object_id": "8", "object_repr": "BV005 Andr\u00e9 \u00d8y - Amarcord Digital | P1 2017 | Kilde: Hovedavregning Q4", "action_flag": 2, "change_message": "[{\"changed\": {\"fields\": [\"periode_new\"]}}]"}}, {"model": "admin.logentry", "pk": 79, "fields": {"action_time": "2019-02-17T19:39:40.967Z", "user": 1, "content_type": 9, "object_id": "7", "object_repr": "BV005 Andr\u00e9 \u00d8y - Amarcord Fysisk [diskett] | P1 2017 | Kilde: Nasjonalbiblioteket", "action_flag": 2, "change_message": "[{\"changed\": {\"fields\": [\"periode_new\"]}}]"}}, {"model": "admin.logentry", "pk": 80, "fields": {"action_time": "2019-02-17T19:39:45.390Z", "user": 1, "content_type": 9, "object_id": "6", "object_repr": "BV005 Andr\u00e9 \u00d8y - Amarcord Fysisk [diskett] | P1 2017 | Kilde: Frikopier", "action_flag": 2, "change_message": "[{\"changed\": {\"fields\": [\"periode_new\"]}}]"}}, {"model": "admin.logentry", "pk": 81, "fields": {"action_time": "2019-02-17T19:39:49.089Z", "user": 1, "content_type": 9, "object_id": "5", "object_repr": "BV005 Andr\u00e9 \u00d8y - Amarcord Fysisk [diskett] | P1 2017 | Kilde: Internsalg", "action_flag": 2, "change_message": "[{\"changed\": {\"fields\": [\"periode_new\"]}}]"}}, {"model": "admin.logentry", "pk": 82, "fields": {"action_time": "2019-02-17T19:39:54.678Z", "user": 1, "content_type": 9, "object_id": "4", "object_repr": "BV005 Andr\u00e9 \u00d8y - Amarcord Fysisk [diskett] | P1 2017 | Kilde: Direktesalg", "action_flag": 2, "change_message": "[{\"changed\": {\"fields\": [\"periode_new\"]}}]"}}, {"model": "admin.logentry", "pk": 83, "fields": {"action_time": "2019-02-17T19:39:59.602Z", "user": 1, "content_type": 9, "object_id": "3", "object_repr": "BV005 Andr\u00e9 \u00d8y - Amarcord Digital | P2 2016 | Kilde: Soundcloud", "action_flag": 2, "change_message": "[{\"changed\": {\"fields\": [\"periode_new\"]}}]"}}, {"model": "admin.logentry", "pk": 84, "fields": {"action_time": "2019-02-17T19:40:05.309Z", "user": 1, "content_type": 9, "object_id": "2", "object_repr": "BV005 Andr\u00e9 \u00d8y - Amarcord Digital | P2 2016 | Kilde: NRK P3 Ur\u00f8rt", "action_flag": 2, "change_message": "[{\"changed\": {\"fields\": [\"periode_new\"]}}]"}}, {"model": "admin.logentry", "pk": 85, "fields": {"action_time": "2019-02-17T19:40:07.965Z", "user": 1, "content_type": 9, "object_id": "1", "object_repr": "BV005 Andr\u00e9 \u00d8y - Amarcord Digital | P2 2016 | Kilde: Bandcamp", "action_flag": 2, "change_message": "[]"}}, {"model": "admin.logentry", "pk": 86, "fields": {"action_time": "2019-02-17T19:40:26.235Z", "user": 1, "content_type": 9, "object_id": "22", "object_repr": "BV005 Andr\u00e9 \u00d8y - Amarcord Digital | P1 2018 | Kilde: NRK P3 Ur\u00f8rt", "action_flag": 2, "change_message": "[{\"changed\": {\"fields\": [\"periode_new\"]}}]"}}, {"model": "admin.logentry", "pk": 87, "fields": {"action_time": "2019-02-17T19:41:08.726Z", "user": 1, "content_type": 9, "object_id": "10", "object_repr": "BV005 Andr\u00e9 \u00d8y - Amarcord Digital | P1 2017 | Kilde: Bandcamp", "action_flag": 2, "change_message": "[{\"changed\": {\"fields\": [\"periode_new\"]}}]"}}, {"model": "admin.logentry", "pk": 88, "fields": {"action_time": "2019-02-17T20:11:28.061Z", "user": 1, "content_type": 8, "object_id": "1", "object_repr": "Avregning object (1)", "action_flag": 1, "change_message": "[{\"added\": {}}]"}}, {"model": "admin.logentry", "pk": 89, "fields": {"action_time": "2019-02-17T20:11:47.754Z", "user": 1, "content_type": 8, "object_id": "2", "object_repr": "Avregning object (2)", "action_flag": 1, "change_message": "[{\"added\": {}}]"}}, {"model": "admin.logentry", "pk": 90, "fields": {"action_time": "2019-02-17T20:12:00.320Z", "user": 1, "content_type": 8, "object_id": "3", "object_repr": "Avregning object (3)", "action_flag": 1, "change_message": "[{\"added\": {}}]"}}, {"model": "admin.logentry", "pk": 91, "fields": {"action_time": "2019-02-17T20:12:17.330Z", "user": 1, "content_type": 8, "object_id": "4", "object_repr": "Avregning object (4)", "action_flag": 1, "change_message": "[{\"added\": {}}]"}}, {"model": "admin.logentry", "pk": 92, "fields": {"action_time": "2019-02-17T20:13:07.947Z", "user": 1, "content_type": 8, "object_id": "4", "object_repr": "Avregning object (4)", "action_flag": 2, "change_message": "[{\"changed\": {\"fields\": [\"utbetalt\"]}}]"}}, {"model": "admin.logentry", "pk": 93, "fields": {"action_time": "2019-02-17T20:13:34.884Z", "user": 1, "content_type": 8, "object_id": "5", "object_repr": "Avregning object (5)", "action_flag": 1, "change_message": "[{\"added\": {}}]"}}, {"model": "admin.logentry", "pk": 94, "fields": {"action_time": "2019-02-18T11:19:13.350Z", "user": 1, "content_type": 7, "object_id": "3", "object_repr": "Astrosaur", "action_flag": 1, "change_message": "[{\"added\": {}}]"}}, {"model": "admin.logentry", "pk": 95, "fields": {"action_time": "2019-02-18T11:32:56.487Z", "user": 1, "content_type": 10, "object_id": "BV009", "object_repr": "BV009 Astrosaur - Fade In // Space Out", "action_flag": 1, "change_message": "[{\"added\": {}}]"}}, {"model": "admin.logentry", "pk": 96, "fields": {"action_time": "2019-02-18T11:33:43.204Z", "user": 1, "content_type": 8, "object_id": "6", "object_repr": "Avregning for BV009 Astrosaur - Fade In // Space Out - P1 2017", "action_flag": 1, "change_message": "[{\"added\": {}}]"}}, {"model": "admin.logentry", "pk": 97, "fields": {"action_time": "2019-02-18T11:34:02.138Z", "user": 1, "content_type": 8, "object_id": "7", "object_repr": "Avregning for BV009 Astrosaur - Fade In // Space Out - P2 2017", "action_flag": 1, "change_message": "[{\"added\": {}}]"}}, {"model": "admin.logentry", "pk": 98, "fields": {"action_time": "2019-02-18T11:34:26.755Z", "user": 1, "content_type": 8, "object_id": "8", "object_repr": "Avregning for BV009 Astrosaur - Fade In // Space Out - P1 2018", "action_flag": 1, "change_message": "[{\"added\": {}}]"}}, {"model": "admin.logentry", "pk": 99, "fields": {"action_time": "2019-02-18T11:34:32.280Z", "user": 1, "content_type": 8, "object_id": "7", "object_repr": "Avregning for BV009 Astrosaur - Fade In // Space Out - P2 2017", "action_flag": 2, "change_message": "[]"}}, {"model": "admin.logentry", "pk": 100, "fields": {"action_time": "2019-02-18T11:34:48.427Z", "user": 1, "content_type": 8, "object_id": "9", "object_repr": "Avregning for BV009 Astrosaur - Fade In // Space Out - P2 2018", "action_flag": 1, "change_message": "[{\"added\": {}}]"}}, {"model": "admin.logentry", "pk": 101, "fields": {"action_time": "2019-02-18T13:24:05.414Z", "user": 1, "content_type": 7, "object_id": "4", "object_repr": "Amped Out", "action_flag": 1, "change_message": "[{\"added\": {}}]"}}, {"model": "admin.logentry", "pk": 102, "fields": {"action_time": "2019-02-18T13:40:14.933Z", "user": 1, "content_type": 10, "object_id": "IB001", "object_repr": "IB001 The Great Plains - Awake, Alive, Aloud", "action_flag": 2, "change_message": "[{\"changed\": {\"fields\": [\"katalognr\"]}}]"}}, {"model": "admin.logentry", "pk": 103, "fields": {"action_time": "2019-02-18T13:41:13.513Z", "user": 1, "content_type": 11, "object_id": "2", "object_repr": "BV001 The Great Plains - Where the Wild Things Roam Fysisk [Vinyl]", "action_flag": 3, "change_message": ""}}, {"model": "admin.logentry", "pk": 104, "fields": {"action_time": "2019-02-18T13:41:19.918Z", "user": 1, "content_type": 11, "object_id": "1", "object_repr": "BV001 The Great Plains - Where the Wild Things Roam Digital", "action_flag": 3, "change_message": ""}}, {"model": "admin.logentry", "pk": 105, "fields": {"action_time": "2019-02-18T13:41:39.626Z", "user": 1, "content_type": 10, "object_id": "BV001", "object_repr": "BV001 The Great Plains - Where the Wild Things Roam", "action_flag": 3, "change_message": ""}}, {"model": "admin.logentry", "pk": 106, "fields": {"action_time": "2019-02-18T13:41:42.672Z", "user": 1, "content_type": 10, "object_id": "BV002", "object_repr": "BV002 The Great Plains - Awake, Alive, Aloud", "action_flag": 3, "change_message": ""}}, {"model": "admin.logentry", "pk": 107, "fields": {"action_time": "2019-02-18T13:41:54.118Z", "user": 1, "content_type": 10, "object_id": "IB001", "object_repr": "IB001 The Great Plains - Awake, Alive, Aloud", "action_flag": 3, "change_message": ""}}, {"model": "admin.logentry", "pk": 108, "fields": {"action_time": "2019-02-18T14:01:25.135Z", "user": 1, "content_type": 10, "object_id": "IB001", "object_repr": "IB001 The Great Plains - Awake, Alive, Aloud", "action_flag": 1, "change_message": "[{\"added\": {}}]"}}, {"model": "admin.logentry", "pk": 109, "fields": {"action_time": "2019-02-18T14:07:28.656Z", "user": 1, "content_type": 8, "object_id": "10", "object_repr": "Avregning for IB001 The Great Plains - Awake, Alive, Aloud - P2 2016", "action_flag": 1, "change_message": "[{\"added\": {}}]"}}, {"model": "admin.logentry", "pk": 110, "fields": {"action_time": "2019-02-18T14:07:45.262Z", "user": 1, "content_type": 8, "object_id": "11", "object_repr": "Avregning for IB001 The Great Plains - Awake, Alive, Aloud - P1 2017", "action_flag": 1, "change_message": "[{\"added\": {}}]"}}, {"model": "admin.logentry", "pk": 111, "fields": {"action_time": "2019-02-18T14:07:58.293Z", "user": 1, "content_type": 8, "object_id": "12", "object_repr": "Avregning for IB001 The Great Plains - Awake, Alive, Aloud - P2 2017", "action_flag": 1, "change_message": "[{\"added\": {}}]"}}, {"model": "admin.logentry", "pk": 112, "fields": {"action_time": "2019-02-18T14:08:08.450Z", "user": 1, "content_type": 8, "object_id": "13", "object_repr": "Avregning for IB001 The Great Plains - Awake, Alive, Aloud - P1 2018", "action_flag": 1, "change_message": "[{\"added\": {}}]"}}, {"model": "admin.logentry", "pk": 113, "fields": {"action_time": "2019-02-18T14:08:23.769Z", "user": 1, "content_type": 8, "object_id": "14", "object_repr": "Avregning for IB001 The Great Plains - Awake, Alive, Aloud - P2 2018", "action_flag": 1, "change_message": "[{\"added\": {}}]"}}, {"model": "admin.logentry", "pk": 114, "fields": {"action_time": "2019-02-18T14:10:39.021Z", "user": 1, "content_type": 7, "object_id": "5", "object_repr": "DJ \u00d8yvind", "action_flag": 1, "change_message": "[{\"added\": {}}]"}}, {"model": "admin.logentry", "pk": 115, "fields": {"action_time": "2019-02-18T14:11:23.794Z", "user": 1, "content_type": 10, "object_id": "IB002", "object_repr": "IB002 DJ \u00d8yvind - Taco med ost", "action_flag": 1, "change_message": "[{\"added\": {}}]"}}, {"model": "admin.logentry", "pk": 116, "fields": {"action_time": "2019-02-18T14:11:57.795Z", "user": 1, "content_type": 8, "object_id": "15", "object_repr": "Avregning for IB002 DJ \u00d8yvind - Taco med ost - P1 2017", "action_flag": 1, "change_message": "[{\"added\": {}}]"}}, {"model": "admin.logentry", "pk": 117, "fields": {"action_time": "2019-02-18T14:12:15.677Z", "user": 1, "content_type": 8, "object_id": "16", "object_repr": "Avregning for IB002 DJ \u00d8yvind - Taco med ost - P2 2017", "action_flag": 1, "change_message": "[{\"added\": {}}]"}}, {"model": "admin.logentry", "pk": 118, "fields": {"action_time": "2019-02-18T14:12:44.081Z", "user": 1, "content_type": 8, "object_id": "17", "object_repr": "Avregning for IB002 DJ \u00d8yvind - Taco med ost - P1 2018", "action_flag": 1, "change_message": "[{\"added\": {}}]"}}, {"model": "admin.logentry", "pk": 119, "fields": {"action_time": "2019-02-18T14:12:57.141Z", "user": 1, "content_type": 8, "object_id": "18", "object_repr": "Avregning for IB002 DJ \u00d8yvind - Taco med ost - P2 2018", "action_flag": 1, "change_message": "[{\"added\": {}}]"}}, {"model": "admin.logentry", "pk": 120, "fields": {"action_time": "2019-02-18T17:22:18.024Z", "user": 1, "content_type": 10, "object_id": "BV004", "object_repr": "BV004 Andr\u00e9 \u00d8y - Popup", "action_flag": 1, "change_message": "[{\"added\": {}}]"}}, {"model": "admin.logentry", "pk": 121, "fields": {"action_time": "2019-02-18T17:22:35.074Z", "user": 1, "content_type": 8, "object_id": "19", "object_repr": "Avregning for BV004 Andr\u00e9 \u00d8y - Popup - P1 2016", "action_flag": 1, "change_message": "[{\"added\": {}}]"}}, {"model": "admin.logentry", "pk": 122, "fields": {"action_time": "2019-02-18T17:22:50.805Z", "user": 1, "content_type": 8, "object_id": "20", "object_repr": "Avregning for BV004 Andr\u00e9 \u00d8y - Popup - P2 2016", "action_flag": 1, "change_message": "[{\"added\": {}}]"}}, {"model": "admin.logentry", "pk": 123, "fields": {"action_time": "2019-02-18T17:23:20.353Z", "user": 1, "content_type": 8, "object_id": "21", "object_repr": "Avregning for BV004 Andr\u00e9 \u00d8y - Popup - P1 2017", "action_flag": 1, "change_message": "[{\"added\": {}}]"}}, {"model": "admin.logentry", "pk": 124, "fields": {"action_time": "2019-02-18T17:23:37.495Z", "user": 1, "content_type": 8, "object_id": "22", "object_repr": "Avregning for BV004 Andr\u00e9 \u00d8y - Popup - P2 2017", "action_flag": 1, "change_message": "[{\"added\": {}}]"}}, {"model": "admin.logentry", "pk": 125, "fields": {"action_time": "2019-02-18T17:23:57.602Z", "user": 1, "content_type": 8, "object_id": "23", "object_repr": "Avregning for BV004 Andr\u00e9 \u00d8y - Popup - P1 2018", "action_flag": 1, "change_message": "[{\"added\": {}}]"}}, {"model": "admin.logentry", "pk": 126, "fields": {"action_time": "2019-02-18T17:24:10.271Z", "user": 1, "content_type": 8, "object_id": "24", "object_repr": "Avregning for BV004 Andr\u00e9 \u00d8y - Popup - P2 2018", "action_flag": 1, "change_message": "[{\"added\": {}}]"}}, {"model": "admin.logentry", "pk": 127, "fields": {"action_time": "2019-03-08T15:14:45.138Z", "user": 1, "content_type": 7, "object_id": "6", "object_repr": "False", "action_flag": 3, "change_message": ""}}, {"model": "admin.logentry", "pk": 128, "fields": {"action_time": "2019-03-08T15:14:47.689Z", "user": 1, "content_type": 7, "object_id": "7", "object_repr": "False", "action_flag": 3, "change_message": ""}}, {"model": "admin.logentry", "pk": 129, "fields": {"action_time": "2019-03-08T15:16:00.302Z", "user": 1, "content_type": 7, "object_id": "8", "object_repr": "Highasakite", "action_flag": 3, "change_message": ""}}, {"model": "admin.logentry", "pk": 130, "fields": {"action_time": "2019-03-08T15:22:31.868Z", "user": 1, "content_type": 7, "object_id": "15", "object_repr": "FAF", "action_flag": 3, "change_message": ""}}, {"model": "admin.logentry", "pk": 131, "fields": {"action_time": "2019-03-08T15:22:31.878Z", "user": 1, "content_type": 7, "object_id": "14", "object_repr": "aaaa", "action_flag": 3, "change_message": ""}}, {"model": "admin.logentry", "pk": 132, "fields": {"action_time": "2019-03-08T15:22:31.888Z", "user": 1, "content_type": 7, "object_id": "13", "object_repr": "ayhgaag", "action_flag": 3, "change_message": ""}}, {"model": "admin.logentry", "pk": 133, "fields": {"action_time": "2019-03-08T15:22:31.896Z", "user": 1, "content_type": 7, "object_id": "12", "object_repr": "agggfs", "action_flag": 3, "change_message": ""}}, {"model": "admin.logentry", "pk": 134, "fields": {"action_time": "2019-03-08T15:22:31.905Z", "user": 1, "content_type": 7, "object_id": "11", "object_repr": "asdffa", "action_flag": 3, "change_message": ""}}, {"model": "admin.logentry", "pk": 135, "fields": {"action_time": "2019-03-08T15:22:36.312Z", "user": 1, "content_type": 7, "object_id": "10", "object_repr": "Highasakite", "action_flag": 3, "change_message": ""}}, {"model": "admin.logentry", "pk": 136, "fields": {"action_time": "2019-03-08T15:22:36.320Z", "user": 1, "content_type": 7, "object_id": "9", "object_repr": "Highasakite", "action_flag": 3, "change_message": ""}}, {"model": "admin.logentry", "pk": 137, "fields": {"action_time": "2019-03-12T18:36:39.470Z", "user": 1, "content_type": 10, "object_id": "BV154", "object_repr": "BV154 Amped Out - Ronny's Mannskap", "action_flag": 3, "change_message": ""}}, {"model": "admin.logentry", "pk": 138, "fields": {"action_time": "2019-03-16T14:23:54.431Z", "user": 1, "content_type": 9, "object_id": "27", "object_repr": "BV466 Amped Out - Aff Digital | P2 2016 | Kilde: Soundcloud", "action_flag": 3, "change_message": ""}}, {"model": "admin.logentry", "pk": 139, "fields": {"action_time": "2019-03-16T14:35:35.000Z", "user": 1, "content_type": 9, "object_id": "29", "object_repr": "BV466 Amped Out - Aff Digital | P2 2016 | Kilde: Soundcloud", "action_flag": 3, "change_message": ""}}, {"model": "admin.logentry", "pk": 140, "fields": {"action_time": "2019-03-16T14:35:35.009Z", "user": 1, "content_type": 9, "object_id": "28", "object_repr": "BV466 Amped Out - Aff Digital | P2 2016 | Kilde: Soundcloud", "action_flag": 3, "change_message": ""}}, {"model": "admin.logentry", "pk": 141, "fields": {"action_time": "2019-03-16T14:36:34.971Z", "user": 1, "content_type": 9, "object_id": "30", "object_repr": "BV466 Amped Out - Aff Digital | P2 2016 | Kilde: Soundcloud", "action_flag": 3, "change_message": ""}}, {"model": "admin.logentry", "pk": 142, "fields": {"action_time": "2019-03-16T14:53:19.858Z", "user": 1, "content_type": 9, "object_id": "31", "object_repr": "BV466 Amped Out - Aff Digital | P2 2016 | Kilde: Soundcloud", "action_flag": 3, "change_message": ""}}, {"model": "admin.logentry", "pk": 143, "fields": {"action_time": "2019-03-22T09:54:42.944Z", "user": 1, "content_type": 9, "object_id": "34", "object_repr": "BV467 Amped Out - Den Fysiske Sangen Fysisk [Lysr\u00f8r] | P1 2019 | Kilde: Hovedavregning Q4", "action_flag": 1, "change_message": "[{\"added\": {}}]"}}, {"model": "admin.logentry", "pk": 144, "fields": {"action_time": "2019-03-22T13:33:30.999Z", "user": 1, "content_type": 9, "object_id": "36", "object_repr": "BV777 Amped Out - Avregnig Detaljert Test Digital | P2 2016 | Kilde: Bandcamp", "action_flag": 2, "change_message": "[]"}}]